variable,importancia
compactness,0.6303634696805845
perimeter,0.1957099907003612
area,0.10229976209357651
smoothness,0.044833982691445666
fractal_dimension,0.02679279483403198
texture,0.0
radius,0.0
symmetry,0.0
